"text","severity"
"Mild sore throat, no difficulty swallowing","LOW"
"Fever of 40 degrees celsius","HIGH"
"Bell's palsy, one side of my face drooped this morning","MEDIUM"
"Severe abdominal pain after eating, cholecystitis","HIGH"
"Stiff neck from sleeping awkwardly","LOW"
"Second degree burn from boiling water, blistering all over arm","HIGH"
"Sudden face drooping, arm weakness, and slurred speech","CRITICAL"
"My throat is swelling shut after eating peanuts","CRITICAL"
"Thirsty and slightly dehydrated","LOW"
"Mild sunburn on my shoulders","LOW"
"She overdosed on purpose and is barely conscious","CRITICAL"
"Drug overdose, he took everything in the cabinet","CRITICAL"
"Wound not healing after 5 days, getting worse","MEDIUM"
"Bowel obstruction, severe cramping and no bowel movement for 3 days","HIGH"
"Symptoms of sexually transmitted infection","MEDIUM"
"I need to schedule a check-up","LOW"
"I would like to book an appointment","LOW"
"My child is having a seizure and won't stop","CRITICAL"
"Slight nausea this morning, no vomiting","LOW"
"Severe asthma, can barely speak","HIGH"
"Severe croup in child with significant stridor","HIGH"
"Going to the toilet slightly more than usual","LOW"
"Severe hypothermia, core temperature below 30","CRITICAL"
"Memory confusion in my elderly father that's new","MEDIUM"
"Severe abdominal cramps with diarrhoea","MEDIUM"
"Torn rotator cuff, shoulder is in severe pain","HIGH"
"I fractured my ankle and can't walk","HIGH"
"New onset atrial fibrillation","HIGH"
"Severe chest pain, my left arm is numb and I'm sweating","CRITICAL"
"Penetrating chest wound from a knife","CRITICAL"
"Severe eczema flare across my body","MEDIUM"
"Abdominal pain not severe but persistent for two days","MEDIUM"
"Sore muscles after gym yesterday","LOW"
"Minor stomach discomfort after eating","LOW"
"High fever above 39 degrees for two days","HIGH"
"I have a mild headache today","LOW"
"New lump under my arm that appeared last week","MEDIUM"
"Bacterial meningitis, stiff neck and fever and sensitivity to light","HIGH"
"Pelvic pain for 2 days","MEDIUM"
"Sudden arm weakness and numbness","HIGH"
"I had a stroke, I can't lift my arm and my face is drooping","CRITICAL"
"Blood in my stool this morning","MEDIUM"
"Bleeding won't stop from a deep cut","HIGH"
"Severe manic episode putting herself in danger","HIGH"
"Sudden hearing loss in one ear this morning","MEDIUM"
"DKA unconscious, breathing like Kussmaul","CRITICAL"
"Penetrating eye injury","HIGH"
"Wound too deep for home care, still bleeding","HIGH"
"Seizure followed by unconsciousness","CRITICAL"
"I fractured my wrist when I fell","HIGH"
"Third degree burn, skin looks white and leathery","HIGH"
"I want to die and I have the means to do it","CRITICAL"
"Convulsions and not breathing properly","CRITICAL"
"I think I'm having a stroke, my face is drooping and I can't speak","CRITICAL"
"Feeling a little low after a difficult week","LOW"
"Can I book an appointment at the clinic","LOW"
"Open skull fracture after fall","CRITICAL"
"My blood pressure is 210/130 and I have a splitting headache","CRITICAL"
"Cellulitis spreading up my arm","MEDIUM"
"Vomiting large amounts of blood repeatedly","CRITICAL"
"Anaphylactic shock, epipen used but still struggling to breathe","CRITICAL"
"Sudden vision loss in one eye","HIGH"
"Dry skin on my hands and arms","LOW"
"Feeling a bit run down","LOW"
"Heartburn not improving despite antacids","MEDIUM"
"Back pain limiting my movement","MEDIUM"
"Urinary retention, can't pass urine and bladder full and painful","HIGH"
"Separated shoulder after falling on my arm","HIGH"
"Severe burn from fire, large area affected","HIGH"
"Persistent stomach pain that comes and goes","MEDIUM"
"I tore my Achilles tendon while running, heard a snap","HIGH"
"Black stools and feeling faint","HIGH"
"Just need a general health check","LOW"
"Headache getting worse over two days","MEDIUM"
"Not sleeping for days, it's affecting my health","MEDIUM"
"Deep laceration that won't stop bleeding after 20 minutes","HIGH"
"New facial drooping on the right side","HIGH"
"Slight blocked ear after flying","LOW"
"Minor earache without fever","LOW"
"Stiff neck with high fever and headache","HIGH"
"Vomited twice after hitting my head","HIGH"
"Eye very red with discharge for 2 days","MEDIUM"
"Malaria with very high fever after travel to endemic area","HIGH"
"Chest pain so severe I can't breathe, spreading to my jaw","CRITICAL"
"Ruptured ectopic pregnancy, severe pain and shoulder tip pain","CRITICAL"
"I think I've broken my finger, it's swollen and I can't move it","HIGH"
"Hay fever, itchy eyes and runny nose","LOW"
"Baby has a fever and is very floppy and difficult to rouse","HIGH"
"Internal bleeding after abdominal trauma","CRITICAL"
"Dislocated elbow playing sport","HIGH"
"Fractured ribs after the fall","HIGH"
"Calf pain and swelling, worried about DVT","MEDIUM"
"My son fell and is unconscious, won't wake up","CRITICAL"
"Minor bruise on my shin","LOW"
"Felt a pop in my knee and can't straighten it","HIGH"
"Carbon monoxide poisoning, entire family collapsed","CRITICAL"
"Massive postpartum haemorrhage after delivery","CRITICAL"
"Cough with yellow and green phlegm for several days","MEDIUM"
"Diabetic coma, found unconscious with sugar meter reading high","CRITICAL"
"Rabies exposure from an animal bite","HIGH"
"Urinary tract infection not improving with fluids","MEDIUM"
"Meningitis, stiff neck high fever and rash that doesn't fade","CRITICAL"
"Severe kidney infection with high fever and back pain","HIGH"
"I am actively suicidal with a plan","CRITICAL"
"Torn ACL in my knee, felt a pop and can't put weight on it","HIGH"
"Black stool without fresh blood","MEDIUM"
"Anaemia symptoms, very pale and breathless walking upstairs","MEDIUM"
"I've already hurt myself badly and there's a lot of blood","CRITICAL"
"Breathing difficulty in a child with stridor and grunting","HIGH"
"Appendicitis, severe pain in lower right abdomen with fever","HIGH"
"Foreign body stuck in airway, partial blockage","HIGH"
"Necrotising fasciitis, rapidly spreading infection with purple skin","HIGH"
"Pulmonary embolism suspected, shortness of breath and leg swelling","HIGH"
"I think I'm having a massive heart attack","CRITICAL"
"Minor eye irritation from dust","LOW"
"I broke my toe, it's very swollen and bent","HIGH"
"My husband collapsed, he's not breathing and has no pulse","CRITICAL"
"Acute glaucoma, sudden eye pain with halos around lights","HIGH"
"Recurrent nosebleeds this week","MEDIUM"
"Asthma attack not responding to inhaler","HIGH"
"Recurring headaches for a week now","MEDIUM"
"Toxic shock syndrome after surgery","CRITICAL"
"Fever over 40 and very confused","HIGH"
"Severe muscle strain, can't straighten my back","MEDIUM"
"Snake bite with spreading swelling and vomiting","CRITICAL"
"Ear blocked and painful for several days","MEDIUM"
"Heavy bleeding in pregnancy","HIGH"
"Undiagnosed rash with mild fever","MEDIUM"
"Airways completely blocked, she's turning blue","CRITICAL"
"Chest pressure with shortness of breath","HIGH"
"Severe depression, can't get out of bed for 2 weeks","MEDIUM"
"Kidney stone, severe loin to groin pain","HIGH"
"Painful vaginal discharge with fever","MEDIUM"
"Mild lower back ache at end of day","LOW"
"I feel a little dizzy after standing up quickly","LOW"
"Fever of 38.5 for two days without improvement","MEDIUM"
"Mild pneumonia, stable but need treatment","MEDIUM"
"Priapism, erection for 5 hours and very painful","HIGH"
"Panic attacks every day affecting my work","MEDIUM"
"Ingested poison, don't know what","CRITICAL"
"Blood pressure 180 over 110, severe headache","HIGH"
"Slight tension headache at the back of my head","LOW"
"Severe anaphylaxis, throat is closing, can't breathe","CRITICAL"
"Jaundice, my skin and eyes are yellow","MEDIUM"
"Brain bleed symptoms, sudden severe headache and confusion","CRITICAL"
"Coughing up blood repeatedly","HIGH"
"She's fitting and not responding","CRITICAL"
"Status epilepticus, seizure lasting more than 5 minutes","CRITICAL"
"Viral illness not improving after 6 days","MEDIUM"
"Ovarian torsion, sudden severe pelvic pain","HIGH"
"UTI with fever and back pain","MEDIUM"
"My pregnant wife is having a seizure","CRITICAL"
"My collarbone is broken after the accident","HIGH"
"Mild ear discomfort, no pain","LOW"
"Extreme fatigue with no explanation for weeks","MEDIUM"
"Aortic dissection, sudden tearing chest pain radiating to back","CRITICAL"
"Toddler with diarrhoea and vomiting for 2 days, mild dehydration","MEDIUM"
"My knee is dislocated, it looks completely out of place","HIGH"
"Preterm labour at 30 weeks","HIGH"
"Mild constipation for one day","LOW"
"Nausea and vomiting for 24 hours straight","MEDIUM"
"Anxiety so bad I can't leave the house","MEDIUM"
"Organophosphate poisoning after working with pesticides","CRITICAL"
"My bone snapped, I heard it break","HIGH"
"My blood pressure has been consistently high all week","MEDIUM"
"Fell from a second floor roof","CRITICAL"
"Sepsis, high fever and confused and fast breathing","HIGH"
"Small cut on my finger, bleeding stopped","LOW"
"Retinal detachment, seeing flashes and a shadow in vision","HIGH"
"Broken arm after falling off a bicycle","HIGH"
"Persistent palpitations for the past 2 days","MEDIUM"
"I can't breathe at all, airway is blocked","CRITICAL"
"Sudden severe headache unlike any before","HIGH"
"Arterial bleed, blood spurting with each heartbeat","CRITICAL"
"Blue lips from lack of oxygen","HIGH"
"Moderate sprain, ankle swollen and painful but can walk a little","MEDIUM"
"I think I'm having a heart attack, crushing chest pain spreading to my left arm","CRITICAL"
"Occasional ringing in my ears","LOW"
"Mild chest tightness on exertion","MEDIUM"
"Feeling a bit stressed about work","LOW"
"I broke my leg, I can hear it cracked","HIGH"
"Tonsillitis, sore throat and fever and difficulty swallowing","MEDIUM"
"Child has been coughing for 3 weeks","MEDIUM"
"Minor skin irritation from soap","LOW"
"New floaters and occasional flashes in my vision","MEDIUM"
"Suspected hairline fracture in my foot","MEDIUM"
"Blood sugar consistently high, possible uncontrolled diabetes","MEDIUM"
"Not breathing, respiratory arrest","CRITICAL"
"Acute psychosis, violent and disoriented","HIGH"
"Pleurisy, sharp stabbing pain every time I breathe","MEDIUM"
"My heart stopped, I can't feel a pulse","CRITICAL"
"Right lower abdominal pain with fever and nausea","HIGH"
"I'm going to kill myself tonight","CRITICAL"
"Bloating and gas after eating","LOW"
"Mild blocked nose","LOW"
"Productive cough with thick mucus for a week","MEDIUM"
"Can't move my arm after the accident","HIGH"
"Mild eye strain after working on computer all day","LOW"
"Conjunctivitis not improving after 48 hours","MEDIUM"
"Testicular torsion, sudden severe scrotal pain","HIGH"
"Acid burn on my arm at work","HIGH"
"Slight ankle twist, no swelling","LOW"
"Asthma symptoms getting worse this week","MEDIUM"
"Feeling warm but no thermometer reading","LOW"
"Chemical splash in the eye at work","HIGH"
"Opioid overdose, he's not responsive and breathing slowly","CRITICAL"
"He's choking and can't get air","CRITICAL"
"I need a prescription refill","LOW"
"Low grade fever under 38, feeling tired","LOW"
"Motion sickness on the bus","LOW"
"Pneumonia with high fever and difficulty breathing","HIGH"
"Sudden loss of vision in my left eye","HIGH"
"Tendinitis in my shoulder, very painful for a week","MEDIUM"
"Eclampsia seizure during pregnancy","CRITICAL"
"Hairline fracture in my foot","HIGH"
"Ear infection with significant pain and mild fever","MEDIUM"
"Food poisoning, vomiting all day but still conscious","MEDIUM"
"Head injury from a fall, lost consciousness briefly","HIGH"
"Ectopic pregnancy, severe one-sided pain at 7 weeks","HIGH"
"Facial numbness on one side — new symptom","MEDIUM"
"Abscess that needs draining","MEDIUM"
"Back pain with weakness in both legs, can't walk properly","HIGH"
"Dark tarry stools, melaena","HIGH"
"Severe vertigo when I move my head","MEDIUM"
"Mild temperature of 37.5","LOW"
"Mild dry cough, no fever","LOW"
"Septic shock, BP is crashing and very confused","CRITICAL"
"My daughter has tonsillitis and can't swallow","MEDIUM"
"Heart racing and I feel faint","HIGH"
"Peritonsillar abscess, can't swallow and throat very swollen","HIGH"
"Infected wound with spreading redness and warmth","MEDIUM"
"Dry eyes from air conditioning","LOW"
"Spontaneous pneumothorax, sudden chest pain and collapse","HIGH"
"Severe nosebleed won't stop after 30 minutes","HIGH"
"Corneal scratch from a branch","MEDIUM"
"Sinusitis with face pain and fever","MEDIUM"
"Mild diarrhoea this morning, no blood, feeling okay","LOW"
"Joint swelling in my knee with no injury, possibly gout","MEDIUM"
"Acute pancreatitis, severe upper abdominal pain going to back","HIGH"
"Animal bite that might need antibiotics","MEDIUM"
"Coughing up blood in large quantities","CRITICAL"
"Feeling tired today","LOW"
"Meningococcal rash, non-blanching purple spots with high fever","CRITICAL"
"Deep knife cut on my hand","HIGH"
"Open fracture on my forearm","HIGH"
"Swollen ankles that have been getting worse","MEDIUM"
"Sudden severe chest pressure with shortness of breath and sweating","CRITICAL"
"Diarrhoea and vomiting for 2 days","MEDIUM"
"Cord prolapse, baby's cord is outside","CRITICAL"
"Thunderclap headache, worst headache of my life, started suddenly","CRITICAL"
"Shortness of breath when walking upstairs, new symptom","MEDIUM"
"Persistent cough for 3 weeks now","MEDIUM"
"I've lost 6kg without trying in the last month","MEDIUM"
"Persistent ear pain in my child","MEDIUM"
"Febrile convulsion in my toddler","HIGH"
"Small pimple or spot","LOW"
"Spinal cord injury, numbness from chest down","HIGH"
"Minor headache after looking at a screen all day","LOW"
"Fever and rash together","MEDIUM"
"Thyroid symptoms, rapid unexplained weight loss","MEDIUM"
"I would like to schedule a follow-up","LOW"
"Ruptured tendon in my ankle","HIGH"
"I took an overdose of pills, I'm drowsy","CRITICAL"
"First time seizure in an adult","HIGH"
"Chemical burn on my skin from cleaning products","HIGH"
"Suicidal thoughts with a specific plan","HIGH"
"I've been dizzy for 24 hours","MEDIUM"
"Hip dislocation after a car accident","HIGH"
"Migraine that isn't responding to my usual tablets","MEDIUM"
"Impetigo spreading on my child's face","MEDIUM"
"Minor sprain, can still walk, mild swelling","LOW"
"Heartburn after spicy food","LOW"
"Traumatic amputation of the hand","CRITICAL"
"Mild bladder pressure, drinking more water","LOW"
"Mild congestion and sneezing","LOW"
"Upper right abdominal pain after fatty meal with fever","HIGH"
"Palpitations and dizziness","HIGH"
"Patient is unresponsive, can't be roused","CRITICAL"
"Severe allergic reaction, tongue and throat swelling","CRITICAL"
"Unable to walk after landing badly on my ankle","HIGH"
"I've had a persistent headache for 3 days","MEDIUM"
"Severe pre-eclampsia symptoms, headache and visual changes","HIGH"
"Scratchy throat in the morning","LOW"
"Alcohol poisoning, she drank a whole bottle and passed out","CRITICAL"
"Carpal tunnel, hand and wrist very numb at night","MEDIUM"
"I took pills to end my life","CRITICAL"
"Slight sinus congestion","LOW"
"Fever won't break after 48 hours","MEDIUM"
"He's unconscious and not waking up","CRITICAL"
"Sudden confusion in an elderly person","HIGH"
"Child is drowsy and can't be properly woken up","HIGH"
"Alcohol withdrawal with shaking and hallucinations","HIGH"
"High energy trauma, hit by a car at speed","CRITICAL"
"Sciatica, shooting pain from my lower back down my leg","MEDIUM"
"Mild anxiety before an exam","LOW"
"Slight loss of appetite","LOW"
"Infant fever over 38 degrees, baby is 2 months old","HIGH"
"Concussion, hit my head and was confused","HIGH"
"Compound fracture, bone is visible through the skin","HIGH"
"Minor insect bite, small red area and itch only","LOW"
"Child with stiff neck and fever","HIGH"
"Mild fatigue after being ill last week","LOW"
"I dislocated my shoulder in rugby","HIGH"
"Cardiac arrest, person is unresponsive","CRITICAL"
"Vomiting blood, haematemesis","HIGH"
"Light muscle cramp in my calf","LOW"
"Shingles, blistering rash on one side of my body","MEDIUM"
"Knocked out and woke up confused","HIGH"
"Stomach pain spreading across abdomen, no fever","MEDIUM"
"Jet lag after long flight","LOW"
"Gaping wound on my leg that needs stitches","HIGH"
"Mild indigestion after a heavy meal","LOW"
"Sudden vision loss in both eyes and I feel very confused","CRITICAL"
"Mild eczema on my elbow","LOW"
"Child fever 38.5 for more than 48 hours","MEDIUM"
"DVT suspected, calf is red, swollen and painful","HIGH"
"Severe head injury after car accident","HIGH"
"Stab wound to the abdomen","CRITICAL"
"Sudden paralysis on one side of my body","CRITICAL"
"My speech is slurred suddenly and one arm won't move","CRITICAL"
"Change in bowel habits for 3 weeks","MEDIUM"
"Small rash on my wrist, no fever, mild itch","LOW"
"Uncontrolled bleeding, blood won't stop","CRITICAL"
"Common cold, runny nose and mild sore throat","LOW"
"Crush injury to the chest after accident","CRITICAL"
"Heat stroke, no longer sweating, very confused and hot","CRITICAL"
"Severe chest pain that comes and goes with exertion","HIGH"
"Difficulty breathing at rest","HIGH"
"Appendix pain, can't move without severe pain","HIGH"
"I woke up and can't move my right side at all","CRITICAL"
"Heavy vaginal bleeding, placenta praevia","CRITICAL"
"I want to see a doctor for a routine visit","LOW"
